{
    "xnxx":{
        "apis":[
             “https://vuminhnghia.eu.org/DDOS/APIVIP.php?host=<ip>&port=<port>&time=<time>&method=XNXX"
        ],
        "network": "VIP"
    },
    "https":{
        "apis":[
            "https://vuminhnghia.eu.org/DDOS/APIVIP.php?host=<ip>&port=<port>&time=<time>&method=HTTPS",
        ],
        "network": "VIP"
    },
    "http-flood":{
        "apis":[
            "https://vuminhnghia.eu.org/DDOS/APIVIP.php?host=<ip>&port=<port>&time=<time>&method=HTTP-FLOOD"
        ],
        "network": "VIP"
    },
    "example-basic-method-2-api-link":{
        "apis":[
            "api link 1",
            "api link 2"
        ],
        "network": "BASIC"
    },
    "boipho-x":{
        "apis":[
            "http://dfgfgfdfdggfdgdfgdfgg/attack?target=<ip>&time=<time>&method=TCP-NOVA"
        ],
        "network": "VIP"
    },
    "100up":{
        "apis":[
            "http://dfgfgfdfdggfdgdfgdfgg/attack?target=<ip>&port=<port>&time=<time>&method=TCP-NOVA"
        ],
        "network": "VIP"
    }
}
